selection	configuration	ori_proportion	k	b	generation	layout_run	N_mean	prop_F1	prop_hybrid	HI_mean	n_internal_reps	kb
neutral	dispersed	0.1	30	0.03	1000	1	1519.85	3.48918353105373e-05	0.680761512150291	0.155387412076099	20	k30 b0.03
neutral	dispersed	0.1	30	0.03	1000	2	1505.2	0.000205094438724333	0.572234447710236	0.142763401201109	20	k30 b0.03
neutral	dispersed	0.1	30	0.03	1000	3	1474.5	3.68188512518409e-05	0.696913928822738	0.154212045454164	20	k30 b0.03
neutral	dispersed	0.1	30	0.03	1000	4	1542.35	3.50140056022409e-05	0.656896483449512	0.13796689413782	20	k30 b0.03
neutral	dispersed	0.1	30	0.03	1000	5	1514.4	0.00026525198938992	0.653789879971545	0.161315939052543	20	k30 b0.03
neutral	dispersed	0.25	30	0.03	1000	1	1477.65	0.00192940660970016	0.92643883662171	0.368176938215111	20	k30 b0.03
neutral	dispersed	0.25	30	0.03	1000	2	1482.85	0.00316480289350616	0.94008982325389	0.415127950790917	20	k30 b0.03
neutral	dispersed	0.25	30	0.03	1000	3	1504.05	0.0010120222955082	0.931243076722626	0.340450794857405	20	k30 b0.03
neutral	dispersed	0.25	30	0.03	1000	4	1508.5	0.00383023198320286	0.958911410119806	0.451712566860967	20	k30 b0.03
neutral	dispersed	0.25	30	0.03	1000	5	1469.7	0.00252765491488313	0.940426592859329	0.38696650187649	20	k30 b0.03
neutral	dispersed	0.4	30	0.03	1000	1	1536.3	0.015415152279488	0.998813016809886	0.664791813786984	20	k30 b0.03
neutral	dispersed	0.4	30	0.03	1000	2	1507.55	0.0145485133075015	0.993661565268015	0.642961262790102	20	k30 b0.03
neutral	dispersed	0.4	30	0.03	1000	3	1493.7	0.0114077918108273	0.997737801345047	0.635120750114557	20	k30 b0.03
neutral	dispersed	0.4	30	0.03	1000	4	1484.95	0.0174829138505467	0.99844223694823	0.699329322985896	20	k30 b0.03
neutral	dispersed	0.4	30	0.03	1000	5	1505.25	0.0179123352941476	0.999264021399239	0.721643561714694	20	k30 b0.03
neutral	multi_cluster	0.1	30	0.03	1000	1	1494.9	0.000840457751451116	0.727884913801855	0.213536282341172	20	k30 b0.03
neutral	multi_cluster	0.1	30	0.03	1000	2	1502.65	0.000471399689171905	0.77703326863625	0.2237262104472	20	k30 b0.03
neutral	multi_cluster	0.1	30	0.03	1000	3	1484.45	0	0.645125821469115	0.124868838642883	20	k30 b0.03
neutral	multi_cluster	0.1	30	0.03	1000	4	1475.25	3.82262996941896e-05	0.681337250728497	0.149999883862338	20	k30 b0.03
neutral	multi_cluster	0.1	30	0.03	1000	5	1468.35	0	0.745690504804135	0.186487662964711	20	k30 b0.03
neutral	multi_cluster	0.25	30	0.03	1000	1	1504.3	0.00748284227862592	0.989369581653562	0.562576783411313	20	k30 b0.03
neutral	multi_cluster	0.25	30	0.03	1000	2	1539.2	0.00993337715505032	0.992708346627436	0.579447478555673	20	k30 b0.03
neutral	multi_cluster	0.25	30	0.03	1000	3	1468.8	0.00773958012438895	0.993127309893249	0.576647422869364	20	k30 b0.03
neutral	multi_cluster	0.25	30	0.03	1000	4	1496.95	0.00649789086825178	0.980981564885067	0.526602868281409	20	k30 b0.03
neutral	multi_cluster	0.25	30	0.03	1000	5	1480.85	0.00654415670695079	0.990712143875502	0.544012250072119	20	k30 b0.03
neutral	multi_cluster	0.4	30	0.03	1000	1	1478.05	0.020893988285457	0.999385728654998	0.744694101694083	20	k30 b0.03
neutral	multi_cluster	0.4	30	0.03	1000	2	1524.85	0.0211241284402541	0.999515672838955	0.729093406760441	20	k30 b0.03
neutral	multi_cluster	0.4	30	0.03	1000	3	1500.25	0.024294005758889	0.999465260357372	0.753767939972328	20	k30 b0.03
neutral	multi_cluster	0.4	30	0.03	1000	4	1527.9	0.0226271515250401	0.999903304680418	0.76902307893683	20	k30 b0.03
neutral	multi_cluster	0.4	30	0.03	1000	5	1502.65	0.0218569487274346	0.998981199950405	0.744232114562903	20	k30 b0.03
neutral	one_cluster	0.1	30	0.03	1000	1	1515.7	0.00107368057400637	0.867035809288922	0.285077937410316	20	k30 b0.03
neutral	one_cluster	0.1	30	0.03	1000	2	1505.4	0.000241808165537597	0.903926652588085	0.268599415214642	20	k30 b0.03
neutral	one_cluster	0.1	30	0.03	1000	3	1530.7	0.000244315575584397	0.890271377678838	0.283273615817007	20	k30 b0.03
neutral	one_cluster	0.1	30	0.03	1000	4	1500.9	0.000465842236567317	0.826336381937556	0.249265044847698	20	k30 b0.03
neutral	one_cluster	0.1	30	0.03	1000	5	1531.8	0.000309464983313529	0.901414605528919	0.261977780459926	20	k30 b0.03
neutral	one_cluster	0.25	30	0.03	1000	1	1537.25	0.0132595746964662	0.99501667704099	0.632342976042706	20	k30 b0.03
neutral	one_cluster	0.25	30	0.03	1000	2	1513.45	0.0109525582661362	0.9967090503212	0.639961100189708	20	k30 b0.03
neutral	one_cluster	0.25	30	0.03	1000	3	1535.8	0.0115421443636889	0.996181074737211	0.628631201039227	20	k30 b0.03
neutral	one_cluster	0.25	30	0.03	1000	4	1467.75	0.0113575584473278	0.996849533583258	0.624823320118292	20	k30 b0.03
neutral	one_cluster	0.25	30	0.03	1000	5	1471	0.0140685105459971	0.996227425698529	0.638839548533529	20	k30 b0.03
neutral	one_cluster	0.4	30	0.03	1000	1	1508.6	0.0252078998886403	0.9997348955309	0.783652079488914	20	k30 b0.03
neutral	one_cluster	0.4	30	0.03	1000	2	1559.3	0.0257829659416533	0.999794240745127	0.773352701832407	20	k30 b0.03
neutral	one_cluster	0.4	30	0.03	1000	3	1529.45	0.0255948985596803	0.999528356418401	0.7592688554324	20	k30 b0.03
neutral	one_cluster	0.4	30	0.03	1000	4	1479.25	0.0210379084384828	0.999395352032655	0.746000633773978	20	k30 b0.03
neutral	one_cluster	0.4	30	0.03	1000	5	1523.6	0.0246009547657794	0.999869655920639	0.777175037572475	20	k30 b0.03
neutral	transects	0.1	30	0.03	1000	1	1491.55	0	0.643761359694149	0.137918883148728	20	k30 b0.03
neutral	transects	0.1	30	0.03	1000	2	1506.9	0	0.639649145934797	0.129762855181858	20	k30 b0.03
neutral	transects	0.1	30	0.03	1000	3	1490.5	7.21500721500722e-05	0.706332605056954	0.157333347687898	20	k30 b0.03
neutral	transects	0.1	30	0.03	1000	4	1510.75	5.57724484104852e-05	0.743334632709329	0.189291115527137	20	k30 b0.03
neutral	transects	0.1	30	0.03	1000	5	1483.95	6.8356289150356e-05	0.709256052290144	0.157928376985452	20	k30 b0.03
neutral	transects	0.25	30	0.03	1000	1	1512.9	0.00866731437344747	0.994181434746609	0.581481162504563	20	k30 b0.03
neutral	transects	0.25	30	0.03	1000	2	1534.3	0.00780744618925215	0.986355951634121	0.54100225582346	20	k30 b0.03
neutral	transects	0.25	30	0.03	1000	3	1506.55	0.0056371787996697	0.976507467004461	0.4790594129383	20	k30 b0.03
neutral	transects	0.25	30	0.03	1000	4	1521.2	0.00269322838830537	0.968619753705753	0.43025088872888	20	k30 b0.03
neutral	transects	0.25	30	0.03	1000	5	1516.8	0.00379114500972554	0.984088872636357	0.479429019697831	20	k30 b0.03
neutral	transects	0.4	30	0.03	1000	1	1503.5	0.0236274506844945	0.999149133680015	0.736575239888777	20	k30 b0.03
neutral	transects	0.4	30	0.03	1000	2	1486.95	0.0253015387036221	0.99806202989982	0.749281213458128	20	k30 b0.03
neutral	transects	0.4	30	0.03	1000	3	1485.9	0.0203989912174252	0.999511889520198	0.736512594461479	20	k30 b0.03
neutral	transects	0.4	30	0.03	1000	4	1497.7	0.021769091728804	0.999378219804516	0.756974867313923	20	k30 b0.03
neutral	transects	0.4	30	0.03	1000	5	1485.4	0.0234352914527843	0.99747835629607	0.728630759083469	20	k30 b0.03
sel_E	dispersed	0.1	30	0.03	1000	1	1434.75	0.000724370920989	0.856436400687013	0.266983307481677	20	k30 b0.03
sel_E	dispersed	0.1	30	0.03	1000	2	1405.15	0.000447824352156024	0.796133162372481	0.231958600368175	20	k30 b0.03
sel_E	dispersed	0.1	30	0.03	1000	3	1375.5	0.000357527721883794	0.827943558509487	0.233598148317239	20	k30 b0.03
sel_E	dispersed	0.1	30	0.03	1000	4	1428.05	0.000449525452780577	0.822263953361998	0.235399715209758	20	k30 b0.03
sel_E	dispersed	0.1	30	0.03	1000	5	1405.75	0.000415561808188707	0.824943043351479	0.267880830995657	20	k30 b0.03
sel_E	dispersed	0.25	30	0.03	1000	1	1414.9	0.00760194201456279	0.984774583143118	0.542463023813687	20	k30 b0.03
sel_E	dispersed	0.25	30	0.03	1000	2	1448.35	0.0123443965715728	0.995883703677188	0.637979606786757	20	k30 b0.03
sel_E	dispersed	0.25	30	0.03	1000	3	1477.2	0.0120931953396707	0.984385609969649	0.594221176690557	20	k30 b0.03
sel_E	dispersed	0.25	30	0.03	1000	4	1426.85	0.00405720111474639	0.983675427798546	0.5035663991661	20	k30 b0.03
sel_E	dispersed	0.25	30	0.03	1000	5	1423.15	0.00704053053504404	0.983482603910343	0.537522065018482	20	k30 b0.03
sel_E	dispersed	0.4	30	0.03	1000	1	1502.85	0.0229144756272142	0.999224702045704	0.751931231123383	20	k30 b0.03
sel_E	dispersed	0.4	30	0.03	1000	2	1457.6	0.0237287777829558	0.999426767060265	0.761564052743809	20	k30 b0.03
sel_E	dispersed	0.4	30	0.03	1000	3	1450.1	0.0244565615109253	0.999787861612566	0.770370110824754	20	k30 b0.03
sel_E	dispersed	0.4	30	0.03	1000	4	1489.85	0.0248691554382865	0.999669332221202	0.753614374883595	20	k30 b0.03
sel_E	dispersed	0.4	30	0.03	1000	5	1454.75	0.0250260648324113	0.999735780820006	0.76203357167368	20	k30 b0.03
sel_E	multi_cluster	0.1	30	0.03	1000	1	1383.45	0.0012122760016126	0.905637113202745	0.339658761924313	20	k30 b0.03
sel_E	multi_cluster	0.1	30	0.03	1000	2	1416.9	0.000999461076272211	0.897472568497266	0.342085599093955	20	k30 b0.03
sel_E	multi_cluster	0.1	30	0.03	1000	3	1402.45	0.000866161887761461	0.841835822257565	0.257155684090285	20	k30 b0.03
sel_E	multi_cluster	0.1	30	0.03	1000	4	1397.6	0.00101735226967055	0.831763919971105	0.263625008197768	20	k30 b0.03
sel_E	multi_cluster	0.1	30	0.03	1000	5	1424.75	0.0016054372768654	0.898416793658273	0.319031475822805	20	k30 b0.03
sel_E	multi_cluster	0.25	30	0.03	1000	1	1472.3	0.0183450244076493	0.999230087292232	0.712613703919167	20	k30 b0.03
sel_E	multi_cluster	0.25	30	0.03	1000	2	1471.55	0.0192955119214173	0.998955428405419	0.716354170170283	20	k30 b0.03
sel_E	multi_cluster	0.25	30	0.03	1000	3	1463.05	0.00999763268555273	0.996500795584806	0.618514810930623	20	k30 b0.03
sel_E	multi_cluster	0.25	30	0.03	1000	4	1463.45	0.0196816283147174	0.997241082799109	0.706645652374417	20	k30 b0.03
sel_E	multi_cluster	0.25	30	0.03	1000	5	1476.95	0.0188414708398278	0.999173435144847	0.705550103919149	20	k30 b0.03
sel_E	multi_cluster	0.4	30	0.03	1000	1	1419.85	0.0253357399345037	0.999682619325884	0.775688165193117	20	k30 b0.03
sel_E	multi_cluster	0.4	30	0.03	1000	2	1462.25	0.0226868927230085	0.999857360890735	0.772857070592238	20	k30 b0.03
sel_E	multi_cluster	0.4	30	0.03	1000	3	1430.2	0.0226624561659309	0.99989932885906	0.767348135561641	20	k30 b0.03
sel_E	multi_cluster	0.4	30	0.03	1000	4	1481.25	0.0259432818598361	0.999778356540671	0.776687251093441	20	k30 b0.03
sel_E	multi_cluster	0.4	30	0.03	1000	5	1458.25	0.026604661649336	0.999747454722045	0.762207716129543	20	k30 b0.03
sel_E	one_cluster	0.1	30	0.03	1000	1	1458.55	0.002047928488057	0.964526109009506	0.402205694483469	20	k30 b0.03
sel_E	one_cluster	0.1	30	0.03	1000	2	1431.45	0.00141622309977619	0.945749761541692	0.383196994611464	20	k30 b0.03
sel_E	one_cluster	0.1	30	0.03	1000	3	1401.4	0.00267722915967124	0.952991085804432	0.404232306803499	20	k30 b0.03
sel_E	one_cluster	0.1	30	0.03	1000	4	1407.2	0.000966298898352483	0.942908022404753	0.359253789773074	20	k30 b0.03
sel_E	one_cluster	0.1	30	0.03	1000	5	1447.75	0.0026475631966674	0.985334161643159	0.47500464016398	20	k30 b0.03
sel_E	one_cluster	0.25	30	0.03	1000	1	1428.9	0.0190805424077844	0.999656720596197	0.717005733682101	20	k30 b0.03
sel_E	one_cluster	0.25	30	0.03	1000	2	1452.95	0.0186252493322632	0.999071732766037	0.706451581173484	20	k30 b0.03
sel_E	one_cluster	0.25	30	0.03	1000	3	1494.85	0.019930578500125	0.998789730429657	0.737294189637727	20	k30 b0.03
sel_E	one_cluster	0.25	30	0.03	1000	4	1441.85	0.020739342043551	0.999333874797894	0.727323601335377	20	k30 b0.03
sel_E	one_cluster	0.25	30	0.03	1000	5	1490.1	0.0252557541413801	0.999562918010592	0.750514028326541	20	k30 b0.03
sel_E	one_cluster	0.4	30	0.03	1000	1	1514.2	0.0228234036660292	0.998775849419799	0.732492683949592	20	k30 b0.03
sel_E	one_cluster	0.4	30	0.03	1000	2	1482.05	0.0234692086487567	0.999439913368759	0.76341699552587	20	k30 b0.03
sel_E	one_cluster	0.4	30	0.03	1000	3	1399.85	0.0235487043216117	0.999253629422653	0.761261147179714	20	k30 b0.03
sel_E	one_cluster	0.4	30	0.03	1000	4	1476.45	0.024496705633088	0.999253558248804	0.757156443125523	20	k30 b0.03
sel_E	one_cluster	0.4	30	0.03	1000	5	1472.95	0.0220506454927451	0.99940940773565	0.735600979854798	20	k30 b0.03
sel_E	transects	0.1	30	0.03	1000	1	1443.95	0.000104858663232104	0.788376051866387	0.207656203338147	20	k30 b0.03
sel_E	transects	0.1	30	0.03	1000	2	1378	0.000220972898860999	0.761722877848768	0.200860116323104	20	k30 b0.03
sel_E	transects	0.1	30	0.03	1000	3	1413.7	3.82262996941896e-05	0.785158291743055	0.22178683705809	20	k30 b0.03
sel_E	transects	0.1	30	0.03	1000	4	1419.95	0.000351081083955121	0.885005360226518	0.263910887906727	20	k30 b0.03
sel_E	transects	0.1	30	0.03	1000	5	1390.75	0.00124529101973651	0.886299098831842	0.292165393235387	20	k30 b0.03
sel_E	transects	0.25	30	0.03	1000	1	1454.05	0.0127439299979584	0.997462241791919	0.64915221641491	20	k30 b0.03
sel_E	transects	0.25	30	0.03	1000	2	1470.65	0.0151398398334981	0.99896270997627	0.686784503050874	20	k30 b0.03
sel_E	transects	0.25	30	0.03	1000	3	1452.95	0.0135718531400836	0.996982049464482	0.657981371562691	20	k30 b0.03
sel_E	transects	0.25	30	0.03	1000	4	1413.35	0.0114172511217006	0.996040321688146	0.641456110855563	20	k30 b0.03
sel_E	transects	0.25	30	0.03	1000	5	1424.05	0.0111243632773563	0.995793295657274	0.632792549533666	20	k30 b0.03
sel_E	transects	0.4	30	0.03	1000	1	1462.55	0.023968715435184	0.999867611341418	0.758266887360385	20	k30 b0.03
sel_E	transects	0.4	30	0.03	1000	2	1496.1	0.0218832615487445	0.999654226066674	0.758380696007023	20	k30 b0.03
sel_E	transects	0.4	30	0.03	1000	3	1445.9	0.0241793086875413	0.999295264686247	0.760590405185807	20	k30 b0.03
sel_E	transects	0.4	30	0.03	1000	4	1482	0.020005072902278	0.99953423528456	0.736646560106067	20	k30 b0.03
sel_E	transects	0.4	30	0.03	1000	5	1473.9	0.0241265558542701	0.999449469805782	0.753666112634616	20	k30 b0.03
sel_O	dispersed	0.1	30	0.03	1000	1	1494.4	3.36021505376344e-05	0.739541011696711	0.169376592508776	20	k30 b0.03
sel_O	dispersed	0.1	30	0.03	1000	2	1522.2	3.17258883248731e-05	0.622534247622619	0.124649996883588	20	k30 b0.03
sel_O	dispersed	0.1	30	0.03	1000	3	1544	3.29815303430079e-05	0.554493058924168	0.11116364355449	20	k30 b0.03
sel_O	dispersed	0.1	30	0.03	1000	4	1514.05	0	0.576695107205057	0.115814578682432	20	k30 b0.03
sel_O	dispersed	0.1	30	0.03	1000	5	1486.05	0	0.710766106346322	0.166388440869623	20	k30 b0.03
sel_O	dispersed	0.25	30	0.03	1000	1	1465.2	0.000587555180881669	0.934002487966549	0.330722569742327	20	k30 b0.03
sel_O	dispersed	0.25	30	0.03	1000	2	1492.9	0.000520676377341409	0.922912997193454	0.316545894002175	20	k30 b0.03
sel_O	dispersed	0.25	30	0.03	1000	3	1498.25	0.00068978293195355	0.946150726669357	0.366693299943474	20	k30 b0.03
sel_O	dispersed	0.25	30	0.03	1000	4	1495.4	0.000928849031873448	0.925393765030666	0.339363111517185	20	k30 b0.03
sel_O	dispersed	0.25	30	0.03	1000	5	1444.8	0.000453986833665673	0.853557360798906	0.295808302121711	20	k30 b0.03
sel_O	dispersed	0.4	30	0.03	1000	1	1494.75	0.00747149920129722	0.985664698381361	0.562547327278063	20	k30 b0.03
sel_O	dispersed	0.4	30	0.03	1000	2	1475.6	0.0125341636278029	0.994816966117973	0.639557001832229	20	k30 b0.03
sel_O	dispersed	0.4	30	0.03	1000	3	1499.75	0.0101283629744786	0.989855082988166	0.570737552709761	20	k30 b0.03
sel_O	dispersed	0.4	30	0.03	1000	4	1454.15	0.00867447921833155	0.993424235069262	0.586787927379213	20	k30 b0.03
sel_O	dispersed	0.4	30	0.03	1000	5	1481.7	0.0104846101847588	0.995801431015278	0.603375642700108	20	k30 b0.03
sel_O	multi_cluster	0.1	30	0.03	1000	1	1492.1	3.40136054421769e-05	0.693022456995849	0.158712212210627	20	k30 b0.03
sel_O	multi_cluster	0.1	30	0.03	1000	2	1591.05	6.32111251580278e-05	0.699445754944018	0.163195974863738	20	k30 b0.03
sel_O	multi_cluster	0.1	30	0.03	1000	3	1482.75	0.000395567731461586	0.676377569857492	0.164686748056213	20	k30 b0.03
sel_O	multi_cluster	0.1	30	0.03	1000	4	1509.55	3.38066260987153e-05	0.718738664779621	0.162273344898343	20	k30 b0.03
sel_O	multi_cluster	0.1	30	0.03	1000	5	1502.4	0	0.734344980027659	0.172025655397945	20	k30 b0.03
sel_O	multi_cluster	0.25	30	0.03	1000	1	1489.6	0.00509775720137152	0.975634456866906	0.471739424947853	20	k30 b0.03
sel_O	multi_cluster	0.25	30	0.03	1000	2	1509.9	0.00349623240075991	0.983885229609113	0.497588153132598	20	k30 b0.03
sel_O	multi_cluster	0.25	30	0.03	1000	3	1481.95	0.00278491110983032	0.958070330625766	0.425503122681788	20	k30 b0.03
sel_O	multi_cluster	0.25	30	0.03	1000	4	1470.45	0.00520721541916394	0.982569954054728	0.505517627252155	20	k30 b0.03
sel_O	multi_cluster	0.25	30	0.03	1000	5	1528.7	0.00531892299005409	0.984621847844373	0.530312423137844	20	k30 b0.03
sel_O	multi_cluster	0.4	30	0.03	1000	1	1438.4	0.0148547942992332	0.997040056138616	0.663025495594158	20	k30 b0.03
sel_O	multi_cluster	0.4	30	0.03	1000	2	1449.65	0.0165725628380101	0.996025244101815	0.676245890482343	20	k30 b0.03
sel_O	multi_cluster	0.4	30	0.03	1000	3	1445.65	0.024806613538611	0.998200860094592	0.745655442927938	20	k30 b0.03
sel_O	multi_cluster	0.4	30	0.03	1000	4	1465.65	0.0155039077490565	0.998917612792885	0.686057612096577	20	k30 b0.03
sel_O	multi_cluster	0.4	30	0.03	1000	5	1494.55	0.0188376051250942	0.998884013318744	0.706834142128536	20	k30 b0.03
sel_O	one_cluster	0.1	30	0.03	1000	1	1517.75	0	0.772391254002619	0.183655329898132	20	k30 b0.03
sel_O	one_cluster	0.1	30	0.03	1000	2	1495.7	0.000371285925628458	0.887182072331323	0.265166603073767	20	k30 b0.03
sel_O	one_cluster	0.1	30	0.03	1000	3	1513.65	0.00017404824777049	0.841697437516994	0.239201361598898	20	k30 b0.03
sel_O	one_cluster	0.1	30	0.03	1000	4	1493	0.00034290606397942	0.877157939086134	0.269944497099689	20	k30 b0.03
sel_O	one_cluster	0.1	30	0.03	1000	5	1499.85	0.000501484103475928	0.878466004508104	0.284525127329613	20	k30 b0.03
sel_O	one_cluster	0.25	30	0.03	1000	1	1495.2	0.00612887060944681	0.990754243287799	0.543918470131467	20	k30 b0.03
sel_O	one_cluster	0.25	30	0.03	1000	2	1514.95	0.00749124403168848	0.994213236291253	0.587231323155882	20	k30 b0.03
sel_O	one_cluster	0.25	30	0.03	1000	3	1522.2	0.00902608712405258	0.994833365314197	0.592068278154012	20	k30 b0.03
sel_O	one_cluster	0.25	30	0.03	1000	4	1499.05	0.00630306090725919	0.991471901314557	0.551467031778794	20	k30 b0.03
sel_O	one_cluster	0.25	30	0.03	1000	5	1455.6	0.00755820019888948	0.99692557473071	0.579869456279545	20	k30 b0.03
sel_O	one_cluster	0.4	30	0.03	1000	1	1526.5	0.0225592981735717	0.999421760652969	0.734839565295012	20	k30 b0.03
sel_O	one_cluster	0.4	30	0.03	1000	2	1487.85	0.0209010494037794	0.999332941627446	0.74240737216539	20	k30 b0.03
sel_O	one_cluster	0.4	30	0.03	1000	3	1516.05	0.0172753419450253	0.999125828629364	0.700308524794899	20	k30 b0.03
sel_O	one_cluster	0.4	30	0.03	1000	4	1501.65	0.0182882648432108	0.999238432163872	0.702735482716905	20	k30 b0.03
sel_O	one_cluster	0.4	30	0.03	1000	5	1499.95	0.0226829557293827	0.999546535990021	0.752332750192864	20	k30 b0.03
sel_O	transects	0.1	30	0.03	1000	1	1453.35	3.52360817477097e-05	0.62678865614227	0.138516911047732	20	k30 b0.03
sel_O	transects	0.1	30	0.03	1000	2	1485	3.50140056022409e-05	0.625989529788316	0.13451617480605	20	k30 b0.03
sel_O	transects	0.1	30	0.03	1000	3	1530.2	0	0.696095553319819	0.156700660713757	20	k30 b0.03
sel_O	transects	0.1	30	0.03	1000	4	1515.45	0	0.712886294184114	0.177276396274715	20	k30 b0.03
sel_O	transects	0.1	30	0.03	1000	5	1501.65	9.67242440378866e-05	0.739598980534676	0.185950405424491	20	k30 b0.03
sel_O	transects	0.25	30	0.03	1000	1	1449.2	0.0049612027359729	0.990800269170649	0.534790617575371	20	k30 b0.03
sel_O	transects	0.25	30	0.03	1000	2	1470.3	0.00410168245131251	0.983135223331664	0.47224158565306	20	k30 b0.03
sel_O	transects	0.25	30	0.03	1000	3	1486.5	0.00418561708418656	0.980190534522601	0.490925643815013	20	k30 b0.03
sel_O	transects	0.25	30	0.03	1000	4	1475.45	0.00294853246555553	0.956018320347109	0.433648351989512	20	k30 b0.03
sel_O	transects	0.25	30	0.03	1000	5	1498.75	0.00224674483621993	0.960028817014489	0.401699123861838	20	k30 b0.03
sel_O	transects	0.4	30	0.03	1000	1	1493.1	0.0156570204772414	0.998506625801794	0.678206328921862	20	k30 b0.03
sel_O	transects	0.4	30	0.03	1000	2	1491.85	0.0179981220081755	0.99899263346737	0.694962642261436	20	k30 b0.03
sel_O	transects	0.4	30	0.03	1000	3	1519.4	0.0123865487758759	0.996259883448214	0.661508740797873	20	k30 b0.03
sel_O	transects	0.4	30	0.03	1000	4	1510.55	0.0188002230560751	0.998696614192641	0.704172049706925	20	k30 b0.03
sel_O	transects	0.4	30	0.03	1000	5	1467.85	0.0195067793241961	0.999405233932096	0.722833593315364	20	k30 b0.03
